index,symbol,rate,pair_address,last_block_timestamp,reserve0,reserve1,token0_address,token0_symbol,token0_decimals,token1_address,token1_symbol,token1_decimals
0,STELLA/WGLMR,0.31622108224056833,0x7F5Ac0FC127bcf1eAf54E3cd01b00300a0861a62,1663408596,1174179742836585332445168,371300389024737198413772,0x0E358838ce72d5e61E0018a2ffaC4bEC5F4c88d2,STELLA,18,0xAcc15dC74880C9944775448304B263D191c6077F,WGLMR,18
1,KittyBeam/WGLMR,5.182430109026323e-13,0x1107AbF99C65dDC1A54355bf9c8570957b728941,1644919206,38510117602030994963882998,19957599296291,0x52d0A61A0C9655554becfD42b663526D18127ecB,KittyBeam,18,0xAcc15dC74880C9944775448304B263D191c6077F,WGLMR,18
2,Bdoge/WGLMR,788104002.5926871,0xF9A79f16127Ce47C313b2e970daa307ac27BDd8e,1647029358,98591833,77700618210249774,0x7C2c83E9F992E8bfc9910b3F541658eb117D27e2,Bdoge,5,0xAcc15dC74880C9944775448304B263D191c6077F,WGLMR,18
3,WGLMR/Shibeam,0.2568730967373877,0xbeEaa6c8dCaFb153f6cFf4FaFb64bf24E71247E7,1647054414,3096303808149,795357147639,0xAcc15dC74880C9944775448304B263D191c6077F,WGLMR,18,0xaFD0586CdD1675fDB46f40B915eF73B2fD09AC90,Shibeam,5
4,BM/WGLMR,143462542.87165955,0x9C257BbFB9902258c7B1b5f1C833C3DeD844707A,1641991224,80108664,11492592643491370,0x80290Efd7f802C1Af7F1612f1732CefBC17e4D18,BM,5,0xAcc15dC74880C9944775448304B263D191c6077F,WGLMR,18
5,Beamfloki/WGLMR,589306005.1863397,0x3d4b427343B1a42fE311e0992e13c7Ae783Ad6E2,1642074558,63479354,37408764517549494,0x5CA44c16920193F6b908f7f8422E26EEd755e816,Beamfloki,5,0xAcc15dC74880C9944775448304B263D191c6077F,WGLMR,18
6,USDT/WGLMR,66757078824.548195,0xd4e48f6e951C8eb4cB52038A15ebb9038678e387,1641993630,3745,250005260197933,0x73eb940499461EF27E333268362ED1AA57B3Adb2,USDT,6,0xAcc15dC74880C9944775448304B263D191c6077F,WGLMR,18
7,WGLMR/Mdoge,4.175425890100078e-09,0x77d007A2A4CF0D37f8350ED6F1456Af3d4ed9537,1642045590,113665002443289610,474599794,0xAcc15dC74880C9944775448304B263D191c6077F,WGLMR,18,0xc3721a3DfeAE3018eB13566fE317F7057F5B4fC6,Mdoge,6
8,USDC/USDT,0.9986031324063899,0x8BC3CceeF43392B315dDD92ba30b435F79b66b9e,1663403244,9481877925,9468632997,0x818ec0A7Fe18Ff94269904fCED6AE3DaE6d6dC0b,USDC,6,0xeFAeeE334F0Fd1712f9a8cc375f427D9Cdd40d73,USDT,6
9,DAI/USDC,9.97872253469084e-13,0x5Ced2f8DD70dc25cbA10ad18c7543Ad9ad5AEeDD,1663408428,20958852648013791308059,20914257522,0x765277EebeCA2e31912C9946eAe1021199B39C61,DAI,18,0x818ec0A7Fe18Ff94269904fCED6AE3DaE6d6dC0b,USDC,6
10,Shiba beam/WGLMR,5630432.076832837,0x31F00d98a0B09C5B616A9bF70a1eCeEb64cC4264,1642069986,1960370437,11037732590959607,0x9E399712275Fc179EB845e3dAb5c4Fd59763d8B9,Shiba beam,6,0xAcc15dC74880C9944775448304B263D191c6077F,WGLMR,18
11,USDC/BNB,3624679708.913195,0xAc2657ba28768FE5F09052f07A9B7ea867A4608f,1663400958,383684481975,1390733356439652997437,0x818ec0A7Fe18Ff94269904fCED6AE3DaE6d6dC0b,USDC,6,0xc9BAA8cfdDe8E328787E29b4B078abf2DaDc2055,BNB,18
12,USDC/WGLMR,1917964100643.772,0x555B74dAFC4Ef3A5A1640041e3244460Dc7610d1,1663408512,40742021019,78141733702115987523241,0x818ec0A7Fe18Ff94269904fCED6AE3DaE6d6dC0b,USDC,6,0xAcc15dC74880C9944775448304B263D191c6077F,WGLMR,18
13,BM/WGLMR,533650.3282517293,0x93aeCBC7D5cbD4a63c98c81B32B3B5bf33f0192B,1642075776,23334250760,12452330577582164,0x352d19908A90638184D6B55eE69E3B5a4b191Aff,BM,6,0xAcc15dC74880C9944775448304B263D191c6077F,WGLMR,18
14,WGLMR/ETH,0.00036415116823077713,0x49a1cC58dCf28D0139dAEa9c18A3ca23108E78B3,1663408536,35408926463805458733339,12894201937592438185,0xAcc15dC74880C9944775448304B263D191c6077F,WGLMR,18,0xfA9343C3897324496A05fC75abeD6bAC29f8A40f,ETH,18
15,test/WGLMR,1.355373848442974,0x1c4586538Be0e09385634Ba532e02E19F2b29579,1642011096,226956902360643,307611450183241,0x5B20AE0a528cFe1Be541948D53580b6B624431f0,test,9,0xAcc15dC74880C9944775448304B263D191c6077F,WGLMR,18
16,STELLA/USDC,1.6427500467683556e-13,0x81e11a9374033d11Cc7e7485A7192AE37D0795D6,1663408596,212630573846061598561685,34929888513,0x0E358838ce72d5e61E0018a2ffaC4bEC5F4c88d2,STELLA,18,0x818ec0A7Fe18Ff94269904fCED6AE3DaE6d6dC0b,USDC,6
17,WGLMR/GLMRMOON,,0x962Cb78d1b1e6120b1413e1775B9ABBFa84Bc653,0,0,0,0xAcc15dC74880C9944775448304B263D191c6077F,WGLMR,18,0xb98049553e464A3AaBC7eC0C8Ff115E358C9425C,GLMRMOON,9
18,GLMRMOON/WGLMR,12.845503291350802,0x915d5e45De383Ee9411666B090720932a4b56D8B,1642003026,40245572440687,516974633249142,0x3032b9Ea46BdeCbAd7a0d3e99CAcf24F6202567C,GLMRMOON,9,0xAcc15dC74880C9944775448304B263D191c6077F,WGLMR,18
19,GLMRMOON/WGLMR,953.0005238786433,0xBd334c13e5499d56DAC209932DF1673BA3082488,1647720102,1779924409639015,1696268894850366139,0x8805E55EC3e0579E03d5cef8B2A9d107f686371b,GLMRMOON,9,0xAcc15dC74880C9944775448304B263D191c6077F,WGLMR,18
20,Bunny/WGLMR,10000.0,0xdDdc1a26331A1ba579A606c680B3809E47330994,1642006050,10,100000,0x284b7C73a3f2C082Fe75D80F0cA19F3C9580E7c0,Bunny,9,0xAcc15dC74880C9944775448304B263D191c6077F,WGLMR,18
21,Babyglmr/WGLMR,231679.76276017402,0x08E35e87426E158e023ACB3922aFc45bc75a8ba2,1642074450,62563941739,14494799179432869,0xA6aF85fc16211aA8B7cBd72eB64a69059a05f739,Babyglmr,6,0xAcc15dC74880C9944775448304B263D191c6077F,WGLMR,18
22,WGLMR/TST,999823.7625338292,0xB7DFE4322A8caA061139d13D163D38b4Df7Ca79c,1642010166,1468969149293,1468710261892245551,0xAcc15dC74880C9944775448304B263D191c6077F,WGLMR,18,0xBb1Fd29E486d5B0546dc9Ae38C8194bc88C91718,TST,18
23,GLMRFLOKI/WGLMR,194372.20403932742,0xd9318a899f1676664767aA2B31250afFFc1b7829,1659661014,3744493054761,727825368063849567,0x523AD83E587bb850A40C8dAaaFbbB0b77F479402,GLMRFLOKI,9,0xAcc15dC74880C9944775448304B263D191c6077F,WGLMR,18
24,FlokiDoge/WGLMR,494.4127616365026,0x630216e93Fc3F903BEcc66Cb41Aa531DAD936D63,1642085172,378765733360359,187266612243970267,0x2c840968D9Ec6E64a5639302c157248BE5dD0D37,FlokiDoge,9,0xAcc15dC74880C9944775448304B263D191c6077F,WGLMR,18
25,GAkita/WGLMR,390655825.74741703,0x558A7f2736924E990f5bf32A1848b58109aE9923,1642074156,41510768,16216423350449456,0x163eC148A84F03ec8DF7dEb103726BaEDD9c4285,GAkita,5,0xAcc15dC74880C9944775448304B263D191c6077F,WGLMR,18
26,WGLMR/USDT,5.177539158648129e-13,0xb6C21f139dd75e7B841EF2412549DA366453EB0A,1663403124,2573201843919734835114,1332285331,0xAcc15dC74880C9944775448304B263D191c6077F,WGLMR,18,0xeFAeeE334F0Fd1712f9a8cc375f427D9Cdd40d73,USDT,6
27,STELLA/ETH,0.0003368020434587131,0xC57Be8fC6D795b2F9A842399790087d23f56fA3F,1651230378,1220872455435105,411192337793,0x0E358838ce72d5e61E0018a2ffaC4bEC5F4c88d2,STELLA,18,0xfA9343C3897324496A05fC75abeD6bAC29f8A40f,ETH,18
28,tst69/WGLMR,1212711997.4413452,0x732E5d089C19215C13c15Aa280DeBf7CD4b9a425,1642060428,90819925,110138412654223156,0x22828d45998E1a214cCA788997118Bc562E16c27,tst69,9,0xAcc15dC74880C9944775448304B263D191c6077F,WGLMR,18
29,WGLMR/Weebs,842178.9237863414,0x393E22d5f8cC4C84aB923d66BC62ed907F5dC6aD,1642063692,1034586518175215302,871306960440660991487230,0xAcc15dC74880C9944775448304B263D191c6077F,WGLMR,18,0xd3E561979f2D4E2F51792f3247db57A9eE92008a,Weebs,9
30,Mshib/WGLMR,217743913.05245826,0x2FfdA4951Ff1eaB5f6464e41412Bbb05907bb5BB,1642076100,761241020,165755598470844629,0x4987925A8455D43C5AfCf4eD080538b51A0d7563,Mshib,5,0xAcc15dC74880C9944775448304B263D191c6077F,WGLMR,18
31,WGLMR/Bdoge,2.8248810065926007e-09,0x5234D9559F772f77821729Ac9f13E03bfa132DE2,1642074636,15265141752648348,43122209,0xAcc15dC74880C9944775448304B263D191c6077F,WGLMR,18,0xb2d8C351Ac7Df489e89c85367C41768C60aEAa7e,Bdoge,5
32,STELLA/DAI,0.16477980214192867,0x01d90E0F35097bcF3AeC0E05b3149a2746522E8D,1663408404,16385344147835036366,2699973766707665963,0x0E358838ce72d5e61E0018a2ffaC4bEC5F4c88d2,STELLA,18,0x765277EebeCA2e31912C9946eAe1021199B39C61,DAI,18
33,BM/WGLMR,96600956.54472633,0xc37ef673bf7B5841a5e01412EDCcC630dc16b335,1642074228,629587859,60818789408346284,0x8fd139C4633552D76bec6776C97DF5E01F86df3e,BM,5,0xAcc15dC74880C9944775448304B263D191c6077F,WGLMR,18
34,USDC/BUSD,1003462648186.9407,0x427719Db6deDef6AeF2B16Af5de0178455AafcE9,1659964500,5248461,5266634573965879001,0x818ec0A7Fe18Ff94269904fCED6AE3DaE6d6dC0b,USDC,6,0xA649325Aa7C5093d12D6F98EB4378deAe68CE23F,BUSD,18
35,BUSD/WGLMR,1.9234712346013725,0x367c36dAE9ba198A4FEe295c22bC98cB72f77Fe1,1663408476,60367029949331770395161,116114245625859214958621,0xA649325Aa7C5093d12D6F98EB4378deAe68CE23F,BUSD,18,0xAcc15dC74880C9944775448304B263D191c6077F,WGLMR,18
36,Safemoon Beam/WGLMR,50287700.942409396,0xE704D2C944BcE484b9868d8d514ac2C8feEf836c,1642174890,459355373,23099925623712919,0x86Dd72BbfA9954084989C8B4D5b5341765a8B72f,Safemoon Beam,5,0xAcc15dC74880C9944775448304B263D191c6077F,WGLMR,18
37,Doge/WGLMR,16.549924602465815,0xCf574c9a8D9f572bc46ce8AA4512FE9e7E04f0db,1642153782,70254065314064,1162699483964468,0x0400b59f630E5d88997F7c41D027BeCa87fb5813,Doge,9,0xAcc15dC74880C9944775448304B263D191c6077F,WGLMR,18
38,GLMRDOGE/WGLMR,8747.675149696808,0x60A1EAdFc71c7d4136eB89416819a16a8Cec2a6f,1642172784,241071440682225,2108814650957507682,0x3a83254f5453f263Ad2EADFB5284c991a7DF976A,GLMRDOGE,9,0xAcc15dC74880C9944775448304B263D191c6077F,WGLMR,18
39,WGLMR/BZ,44661.11795743058,0x9c5425048cc65d436A893Fb67bfB3d55e6bf3719,1642319754,8599672572953360,384070991175950540627,0xAcc15dC74880C9944775448304B263D191c6077F,WGLMR,18,0xC23b95E5EAF1BFF6589D333e8abe2d4425963F4E,BZ,9
40,WGLMR/CAT,2549964.318704869,0x273ba428D117390Bc4670F343FF2855411C0C988,1642104078,7655150290435834,19520360094934591526273,0xAcc15dC74880C9944775448304B263D191c6077F,WGLMR,18,0xd58ECAb4164FAD4f6aFf1250F8A888C2beE7b18d,CAT,18
41,WGLMR/CAT,2.0909744853809923e-08,0x1769136d641b255848697656930dc1e132a06d69,1642103064,1735019544888885,36278816,0xAcc15dC74880C9944775448304B263D191c6077F,WGLMR,18,0xF7926b71aA8f60a9CDD2408f8799bF65890F1038,CAT,4
42,BEAMCAT/WGLMR,0.00013942626093624733,0x37625dEEa15bcEB05bc7eD16b9dFe584EbC33D56,1642102692,86067,12,0xA8916Ded9E74f0d05E5E79fC39F036cc1734B7bF,BEAMCAT,18,0xAcc15dC74880C9944775448304B263D191c6077F,WGLMR,18
43,CAT/WGLMR,9.409363507790386e-10,0xaf253D60e34bD6a19fDa3bbf0bC5E3033B9a2eBf,1642171428,279790495876310817105329000,263265048172513531,0x2C49CceD17EA50830D520245f28E4520534051f7,CAT,18,0xAcc15dC74880C9944775448304B263D191c6077F,WGLMR,18
44,BUSD/BNB,0.0035688337617272733,0xf9eA713533daD84B61311784296a4D28298bE45d,1663229874,7971085972531438696,28447480736400876,0xA649325Aa7C5093d12D6F98EB4378deAe68CE23F,BUSD,18,0xc9BAA8cfdDe8E328787E29b4B078abf2DaDc2055,BNB,18
45,FROG/WGLMR,,0xe6224Cd482aE2C93E6c34454684Af64F7348F573,0,0,0,0x6F483d09dC6C4902c6557704183DE1f549E85CcF,FROG,9,0xAcc15dC74880C9944775448304B263D191c6077F,WGLMR,18
46,MOONDAO/WGLMR,10578.627485789044,0xfE71d96CD4767b1eb77351E4a9184EF0CF261866,1642115994,87976607879031,930671762215602313,0x5cf33626855Aa70ce2Aab39CF06833791C43f3B8,MOONDAO,9,0xAcc15dC74880C9944775448304B263D191c6077F,WGLMR,18
47,TEST1/WGLMR,10000000.0,0x49Dfb6229DB9A771fc7Da925815536B750C67aDE,1642115250,10000,100000000000,0x23754735D71F05C90fA8428C99a457758c1a8645,TEST1,2,0xAcc15dC74880C9944775448304B263D191c6077F,WGLMR,18
48,SHIBM/WGLMR,503629797.3739525,0x4b065DE9ccb2ADE345c20BFaF46AEA372429c627,1656197106,74341941843,37440817106776251601,0x529A0FDAC61065F27363A7682EdB468ffcF7b87C,SHIBM,2,0xAcc15dC74880C9944775448304B263D191c6077F,WGLMR,18
49,UNIDAO/WGLMR,4593.2076058404655,0xc6301499E0aa6b6aBdFB74249150A9fdf8788291,1642123200,435209117511542,1999005828685131475,0x6451d46B76B73c3388b9a2262E9a274B739d1115,UNIDAO,9,0xAcc15dC74880C9944775448304B263D191c6077F,WGLMR,18
50,TEST1/WGLMR,1.2411192270697778e-05,0xb5500Ce91575EE6cb0E0b1D0997295c6060D95Bb,1642129824,87500000000000000000000,1085979323686055611,0x53356d9A0960D0841fc1dd8411d77ba4Da335d71,TEST1,18,0xAcc15dC74880C9944775448304B263D191c6077F,WGLMR,18
51,test/WGLMR,3.730049891785757e-07,0xDdE5097c1970a1449660b9C7A029E926DF086062,1642133436,106247098119636281977,39630697684370,0x4c7D17499c34a0Bbfa15F33C3589a5748C449E65,test,18,0xAcc15dC74880C9944775448304B263D191c6077F,WGLMR,18
52,GLMRMOON/DAI,1.5465839809176125e-12,0xf01c26e4db6CD708FF069C8A1037e0686746E836,1642530114,151272050379539816824095793767,233954929877558330,0x359c2138A96603e24cA3388190B0A463326B7EE0,GLMRMOON,18,0x765277EebeCA2e31912C9946eAe1021199B39C61,DAI,18
53,FROG/WGLMR,,0xF85C8a49eb17e4B7834c3a443CEf1dC283A3E137,0,0,0,0x0adAf428AB0DfADb9f94C33a13B7cF39550517D3,FROG,9,0xAcc15dC74880C9944775448304B263D191c6077F,WGLMR,18
54,BABY/WGLMR,1.4625439560456057e-07,0x03Df7891D70E56B5cf272503b128F8D48279d4a9,1642172946,9162825207690348341638,1340103462780984,0x1DF94fCABc6933075A2909b041A505a47F5750e5,BABY,18,0xAcc15dC74880C9944775448304B263D191c6077F,WGLMR,18
55,DAI/BUSD,0.9832512315270936,0xd294108888989AD4c2AC0945AE1a7FCA83b64a22,1643003688,1015,998,0x765277EebeCA2e31912C9946eAe1021199B39C61,DAI,18,0xA649325Aa7C5093d12D6F98EB4378deAe68CE23F,BUSD,18
56,StellaStar/WGLMR,7.638540636025884e-08,0xf896e9C44F6F73aFbb296D2E0e8BFAa213aa551A,1659360960,181395948502661111176244,13856003238480356,0xa2C036d292E482968F26711EcE7896055fAee9E3,StellaStar,18,0xAcc15dC74880C9944775448304B263D191c6077F,WGLMR,18
57,STELLA/BUSD,0.11861950323372412,0xB8bEff18a2E3e9C98b0E9bC1e775eb28589faFA0,1663075008,1650843464899285158,195822231722993100,0x0E358838ce72d5e61E0018a2ffaC4bEC5F4c88d2,STELLA,18,0xA649325Aa7C5093d12D6F98EB4378deAe68CE23F,BUSD,18
58,USDC.movr/WGLMR,5098005887.409462,0xD6b008c55414A2d2aE752f4b33cbe7C46110F21d,1642396272,2452,12500310435928,0x89C36bB2E30efCA78bDEB99101C1Ac1FfcB6a30e,USDC.movr,6,0xAcc15dC74880C9944775448304B263D191c6077F,WGLMR,18
59,BNB/USDT,2.937892210333214e-10,0x3112b06Ff98CdF37E33A16fBEC0C961da0f3Cd13,1655968590,456109313775,134,0xc9BAA8cfdDe8E328787E29b4B078abf2DaDc2055,BNB,18,0xeFAeeE334F0Fd1712f9a8cc375f427D9Cdd40d73,USDT,6
60,WGLMR/MOONFLARE,9.329882789094948e-09,0x2b9d66Ec7DFBa9A999bE1e3100429d4F20b8d02F,1642230216,3881748872807992,36216262,0xAcc15dC74880C9944775448304B263D191c6077F,WGLMR,18,0xE41647d4F18f4031dcE21a44cD85CD33fdba20C9,MOONFLARE,9
61,STELLA/USDT,1.4248806512985092e-13,0xC41fFEBAc60e032E9238093D0dF388889806993e,1663363722,6730388254806134,959,0x0E358838ce72d5e61E0018a2ffaC4bEC5F4c88d2,STELLA,18,0xeFAeeE334F0Fd1712f9a8cc375f427D9Cdd40d73,USDT,6
62,DRAGONS/WGLMR,61.88546133265869,0x8bd90d03D127777F5988462943C5aCf492082Dc7,1642294584,97894587027,6058251680136,0x4B5E73Ba9C0EAE439dAE8336E4397c400865cF90,DRAGONS,9,0xAcc15dC74880C9944775448304B263D191c6077F,WGLMR,18
63,GTPS/WGLMR,0.02654337269914656,0x53281d72bA11Af9F112b9a0E07fDd39bb753EC4c,1659663132,615866643591459750,16347177853820578,0x9427A2a738AffBc5880F0646b5251069c022e525,GTPS,18,0xAcc15dC74880C9944775448304B263D191c6077F,WGLMR,18
64,WGLMR/BabyDoge,24181.272742526085,0xf0325fD4b8C20C289E4Ee409ABbA3A3DE8a8e6Ab,1642382208,888539736213073,21486021703940500332,0xAcc15dC74880C9944775448304B263D191c6077F,WGLMR,18,0xc661692fbE56d8eA5605c3917ae92fE53f9d0a07,BabyDoge,9
65,THOR/WGLMR,0.004018970407281633,0x39EfFe272e2eFC0F3f672C99A11D24dafa0D8a72,1642344678,997714284808395507563,4009784185567100593,0x4282e8195d048591fC28833B81B5F9001934535E,THOR,6,0xAcc15dC74880C9944775448304B263D191c6077F,WGLMR,18
66,WGLMR/MOONOWL,0.0002502771372289241,0x637933eD43b88cCe2cC8e07a3a5bbf400A7826A0,1643053278,85866089435661,21490319049,0xAcc15dC74880C9944775448304B263D191c6077F,WGLMR,18,0xC85E39Cb0465d95c5E1Bc6fB89BAE8C385128B97,MOONOWL,9
67,WGLMR/BNB,0.0018654299924063963,0x938f7FB93397bD4AD89c5f3E6a615D2D415897d5,1663403202,69569411959905115728,129776867624083255,0xAcc15dC74880C9944775448304B263D191c6077F,WGLMR,18,0xc9BAA8cfdDe8E328787E29b4B078abf2DaDc2055,BNB,18
68,BNB/ETH,0.1559662069087875,0x2053662fF008b1ff57Ffb0543b5694c69fda3ffE,1642379724,253263836865,39500599983,0xc9BAA8cfdDe8E328787E29b4B078abf2DaDc2055,BNB,18,0xfA9343C3897324496A05fC75abeD6bAC29f8A40f,ETH,18
69,WGLMR/$MDC,17.114534081412057,0x517dC59792E5B19b31C486cd0438DB77397A8d5D,1642650450,253466698502582,4337964450025434,0xAcc15dC74880C9944775448304B263D191c6077F,WGLMR,18,0xEDDe2b6340Bc014Fb1c57B1305D013064bC1e450,$MDC,9
70,AVAX/WGLMR,35.16540382071217,0x2F412C140080039eaF9dE01c95e84cFb1c8D98aD,1663408440,3060587960976610115818,107626811576552567053107,0x4792C1EcB969B036eb51330c63bD27899A13D84e,AVAX,18,0xAcc15dC74880C9944775448304B263D191c6077F,WGLMR,18
71,STELLA/AVAX,0.00906330207275272,0x2AB268c6025F7Cd76A4B6a8A5bc7fE780Fbbfe98,1663408440,6432652716589291145681,58301074699562127858,0x0E358838ce72d5e61E0018a2ffaC4bEC5F4c88d2,STELLA,18,0x4792C1EcB969B036eb51330c63bD27899A13D84e,AVAX,18
72,STELLA/USDC,7.977858984799374e-13,0x0Bb0235069be54F65b58F353A6f92DC8901e40D4,1663312242,970765466619081946,774463,0x0E358838ce72d5e61E0018a2ffaC4bEC5F4c88d2,STELLA,18,0x8f552a71EFE5eeFc207Bf75485b356A0b3f01eC9,USDC,6
73,WGLMR/FC,1.9705891077015704e-07,0xD1094216687dB987413387D0A7685711BF0ecc19,1642507044,431311487858237,84993772,0xAcc15dC74880C9944775448304B263D191c6077F,WGLMR,18,0xdbA1987c8fF3373a1aF9d6119e346a4072aE69bE,FC,9
74,USDC/DAI,1002850195975.7294,0x78C1DAEaF0B0E49B9fBA04E346af6022032bCc92,1642521174,1962,1967592084504381,0x8f552a71EFE5eeFc207Bf75485b356A0b3f01eC9,USDC,6,0xc234A67a4F840E61adE794be47de455361b52413,DAI,18
75,WGLMR/Glint,104901.6795032625,0xb4fD817c36fdfb7315C4FBdC3f59A0Bb78201b84,1659361392,8152253785078768,855185113791591487471,0xAcc15dC74880C9944775448304B263D191c6077F,WGLMR,18,0xF75DA8C00AA34D143Afd49d8F531371beF28A36c,Glint,18
76,AVAX/USDT,9.137833360497065e-09,0x624a314AA3D9e0F9072568EA24eefe424162EE09,1642634586,109435132,1,0x4792C1EcB969B036eb51330c63bD27899A13D84e,AVAX,18,0xeFAeeE334F0Fd1712f9a8cc375f427D9Cdd40d73,USDT,6
77,STELLA/AVAX,0.3860613949018238,0xC5428D86e00dfeF0EF2b1cD24f36462317A7F9dE,1642699026,146229555531571,56453586184392,0x0E358838ce72d5e61E0018a2ffaC4bEC5F4c88d2,STELLA,18,0x1e3683a205b7A0A4F0c8fE4Dbc7D4E6f7eE13fbE,AVAX,18
78,USDT/USDC,0.9758364312267658,0x36E4628d6cf25921b197ED2748Fd8DB0f9aD0Cf1,1659021804,2690,2625,0x8e70cD5B4Ff3f62659049e74b6649c6603A0E594,USDT,6,0x8f552a71EFE5eeFc207Bf75485b356A0b3f01eC9,USDC,6
79,DAI/USDT,1.0016568466185155e-12,0xBe722b237441F19F60F148A86e4753EC11ed453f,1642702572,124793236747681,125,0x765277EebeCA2e31912C9946eAe1021199B39C61,DAI,18,0xeFAeeE334F0Fd1712f9a8cc375f427D9Cdd40d73,USDT,6
80,BUSD/USDT,9.956273728395149e-10,0x94Bb6789740d1966D7E91aF2909A0D1177960285,1654602462,1004391831,1,0xA649325Aa7C5093d12D6F98EB4378deAe68CE23F,BUSD,18,0xeFAeeE334F0Fd1712f9a8cc375f427D9Cdd40d73,USDT,6
81,GLMRFLOKI/DAI,142566.4967716652,0x35f5bda374320Da97188338BA4E3daf4E67a7AA3,1659661014,82103570042,11705218353334982,0x523AD83E587bb850A40C8dAaaFbbB0b77F479402,GLMRFLOKI,9,0x765277EebeCA2e31912C9946eAe1021199B39C61,DAI,18
82,DAI/MB,0.4881143307449407,0xEc7B137b226f54B4440577ACd7cF5ac1516EF39A,1643059290,120294689553848883,58717561883747357,0x765277EebeCA2e31912C9946eAe1021199B39C61,DAI,18,0x7E8daBA4D694BD6907d89162f4b641Be211af9c6,MB,18
83,DAI/MB,7.796565233113768e-05,0x25b1b2c6982F3F10AFb065971543D0F669Ee1455,1644161916,3362580536958850820,262165785079984,0x765277EebeCA2e31912C9946eAe1021199B39C61,DAI,18,0xD6B17Cc9e8aBc9090462dd8f814309C757F965b7,MB,9
84,GLX/WGLMR,0.005636636742828804,0xd48D0206Ac093059A0b5dAf705A3c0FDeF95540D,1644621408,4356037024873089288,24553398347522326,0x45D1abD31151d51735700bE6141Db0509dEF5a6E,GLX,18,0xAcc15dC74880C9944775448304B263D191c6077F,WGLMR,18
85,WGLMR/OSHARE,0.014876461926014557,0x73D0B919F009C6C8e873BDd79eBf17fC8741A930,1643507280,8247687842232461199,122696414162624361,0xAcc15dC74880C9944775448304B263D191c6077F,WGLMR,18,0xcA631497d0b5dcfe2Da942f2caD01c238cDaB59c,OSHARE,18
86,WGLMR/GLX,40.242850045864984,0x98DfAE1ECAc911bf718C9D1e62D68EB3b4f17f8a,1663352808,457215261457337520415,18399645205508584343726,0xAcc15dC74880C9944775448304B263D191c6077F,WGLMR,18,0xBd174C9d2A564b2eB187BD6556ae1d12256D5adD,GLX,18
87,GSHARE/WGLMR,0.016310650033571735,0x02CE5D1E6D3e346FC6eE10045a9995188FE50aF0,1663352808,6933701719713325378027,113093182187418541115,0x87894a4Dd3228aBcb1891795Fd4d7C3719636220,GSHARE,18,0xAcc15dC74880C9944775448304B263D191c6077F,WGLMR,18
88,WBTC/WGLMR,385705168186348.7,0x4CDf77828b839506bF6B6e219017B65623042400,1663403202,8158168,3146647560532487967154,0x922D641a426DcFFaeF11680e5358F34d97d112E1,WBTC,8,0xAcc15dC74880C9944775448304B263D191c6077F,WGLMR,18
89,WBTC/WGLMR,46887025934761.32,0xE28459075c806b1bFa72A38E669CCd6Fb4125f6a,1663403172,329679520,15457692204399663793221,0x1DC78Acda13a8BC4408B207c9E48CDBc096D95e0,WBTC,8,0xAcc15dC74880C9944775448304B263D191c6077F,WGLMR,18
90,STELLA/WBTC,4.2406413328561383e-16,0xBED5a4fa229D5Bc4b0c24dB474b273bE1e195B7d,1662649572,58953347000374842,25,0x0E358838ce72d5e61E0018a2ffaC4bEC5F4c88d2,STELLA,18,0x922D641a426DcFFaeF11680e5358F34d97d112E1,WBTC,8
91,WGLMR/DONTBUY,3.083926924041386e-07,0x53CC7eC6d832B33412B27ecF8b8751a1eA8E4b38,1643387580,1004722250662,309849,0xAcc15dC74880C9944775448304B263D191c6077F,WGLMR,18,0xe2e8E8d04D018B40CDbf08C4C7eE898F8BC21698,DONTBUY,5
92,GSHARE/GLX,0.6612883292245021,0x3C6F76B6B9E35E5E40e6A32F7f4375E957a6c7c0,1663352808,3346907929064205012521,2213271152479106350823,0x87894a4Dd3228aBcb1891795Fd4d7C3719636220,GSHARE,18,0xBd174C9d2A564b2eB187BD6556ae1d12256D5adD,GLX,18
93,FAKE1BEAM/WGLMR,0.00012067,0xB5BE66232fd8Bc3F1e15d7f2738DDb0152216637,1643359950,911577028258887876026,110000000000000000,0x3bccb81261aBa479C1ecaB28Aa92A248AE2e130E,FAKE1BEAM,18,0xAcc15dC74880C9944775448304B263D191c6077F,WGLMR,18
94,DAI/WGLMR,1.9188291271429678,0xb9fDDF501396B25049CADd634C318282e33038B7,1663408428,9715723758561339209,18642813739202448823,0x765277EebeCA2e31912C9946eAe1021199B39C61,DAI,18,0xAcc15dC74880C9944775448304B263D191c6077F,WGLMR,18
95,TIGER/WGLMR,0.0031151124678273513,0x6251a089F2978fcFdaE362D77AEDea9f9e44a2d1,1643642646,9513064338705803929,29634265328746207,0x9E7075b60f6B400254669eAFD22ab662819aBa5b,TIGER,18,0xAcc15dC74880C9944775448304B263D191c6077F,WGLMR,18
96,fUSDT/fBTC,2.2128570033922638e-05,0x732B246aA1132dD496EdB278E3069Dd7Ef0BC491,1643781072,44927825919682971709682996,994188542335589366083,0x49f87f6C09B22CBc19E2D41258cA76E0BBE7aA72,fUSDT,18,0x6FeF4e8B0EA76D0608c3ec868c0f040A5249826A,fBTC,18
97,MATIC/WGLMR,1.562538449149645,0x6775ff3828a19EB5926C0C4D572183cA15Aa4C08,1663408242,102858082048513421089855,160719708006591101071112,0x3405A1bd46B85c5C029483FbECf2F3E611026e45,MATIC,18,0xAcc15dC74880C9944775448304B263D191c6077F,WGLMR,18
98,FAKE1BEAM/WGLMR,1e-06,0x6405c778916B1C1b1574FD80D3358a7f6fd08A47,1644142944,1000000,1,0x94ACF8af96CB2f1bc81cB58bAa9791EAAC6c99E5,FAKE1BEAM,18,0xAcc15dC74880C9944775448304B263D191c6077F,WGLMR,18
99,USDC/MT,1732031563.0,0x3A926a337D6b200Ef452e6915b788094921b83cD,1643957868,1,1732031563,0x8f552a71EFE5eeFc207Bf75485b356A0b3f01eC9,USDC,6,0xB21eF0baBFb56FBaE1f8Eff8196C78c2BCe50982,MT,18
100,SafeBeam/WGLMR,9.291136373304278e-07,0x0eD1fcfecb8b79E2D9E68E819713313F18F9cD49,1644028290,155450211473085917031214,144430911405543063,0x3d6ceCA0C07fa589659014E09dD74aC5540E6Cb1,SafeBeam,9,0xAcc15dC74880C9944775448304B263D191c6077F,WGLMR,18
101,STELLA/MATIC,0.20277919441009307,0xF69F219ad163d66e7300731AF3C6b9E5B44954B9,1663408242,1799013541039989229059,364802516584937940558,0x0E358838ce72d5e61E0018a2ffaC4bEC5F4c88d2,STELLA,18,0x3405A1bd46B85c5C029483FbECf2F3E611026e45,MATIC,18
102,GRIM/WGLMR,34.22449871942648,0x8aB83CEFD2BA8D726Addb86ef940739e669fAb32,1644008916,111783575128969,3825736823854313,0x14E3c380d39d0d383e8b1f1dD4B3C961d3D4227D,GRIM,9,0xAcc15dC74880C9944775448304B263D191c6077F,WGLMR,18
103,WGLMR/FAKE1BEAM,100000000.0,0xe21DCC0A302328593c0C8536F2A3eDC060b04408,1644144192,1000000000000000,100000000000000000000000,0xAcc15dC74880C9944775448304B263D191c6077F,WGLMR,18,0xbce0a0CFf094001e2028BfA48214B8e5ACaA3aE5,FAKE1BEAM,18
104,WGLMR/FAKE1BEAM,30000000.000000004,0xF4D87A0a0FAcc09ee27F3e61898F1e3142D33E7A,1644380346,10337457266846980,310123718005409425964845,0xAcc15dC74880C9944775448304B263D191c6077F,WGLMR,18,0xB0Bf7ac5eC69b465676222E560Ca189C4F617aD7,FAKE1BEAM,18
105,USDC/ETH,699978610.9384199,0x0Aa48bF937ee8F41f1a52D225EF5A6F6961e39FA,1663407408,18173209456,12720857911303838558,0x818ec0A7Fe18Ff94269904fCED6AE3DaE6d6dC0b,USDC,6,0xfA9343C3897324496A05fC75abeD6bAC29f8A40f,ETH,18
106,1BEAM/WGLMR,0.00013353358585858587,0x7C03cf083A9938fC8Cc5E0d8f29C841F9B39a89F,1644416556,8612065590883389152277,1150000000000000000,0x98107093A1230bc77840ee7f870dB4AD0283690a,1BEAM,18,0xAcc15dC74880C9944775448304B263D191c6077F,WGLMR,18
107,WGLMR/FAKE1BEAM,1000000.0,0xCCFB75dbf80E0587A8f8A6766F202760029945BC,1644422796,100000000000000000,100000000000000000000000,0xAcc15dC74880C9944775448304B263D191c6077F,WGLMR,18,0xC1869c3B7abD15f036a72E90d281Bb573ee4fd54,FAKE1BEAM,18
108,1BEAM/WGLMR,6.351913093065172e-06,0x8A2f167F307D633Ba6999A3fB177cAf05F719176,1663056426,19275780294497933112194859,122438081231669051366,0x19d2f0CF1FC41DE2b8fd4A98065AB9284E05Cf29,1BEAM,18,0xAcc15dC74880C9944775448304B263D191c6077F,WGLMR,18
109,1BEAM/USDC,3.5770761166903257e-10,0x706D215A47B9F9D435C7f9B7417919Cac4fc7Ee7,1644536076,2795579315,1,0x19d2f0CF1FC41DE2b8fd4A98065AB9284E05Cf29,1BEAM,18,0x818ec0A7Fe18Ff94269904fCED6AE3DaE6d6dC0b,USDC,6
110,CGS/WGLMR,0.011347584758469052,0xb164371cdbb5EF9edd9Fe4aE07e2c202794E602b,1662649338,82955982252830653848,941350039836050356,0x46fa30C4f9a1350f7aE69A04c8c80Fc457bA71cb,CGS,18,0xAcc15dC74880C9944775448304B263D191c6077F,WGLMR,18
111,CGS/USDC,5.851388315113729e-15,0x25c8F8163CDd4689387B80828575D24dC827BD2A,1662649338,261716522221655935430,1531405,0x46fa30C4f9a1350f7aE69A04c8c80Fc457bA71cb,CGS,18,0x818ec0A7Fe18Ff94269904fCED6AE3DaE6d6dC0b,USDC,6
112,BNB/BUSD,415.72,0xD88D30175c4C0BF9e30Fa4E770D9A37f38222e39,1654602228,50,20786,0xc9BAA8cfdDe8E328787E29b4B078abf2DaDc2055,BNB,18,0xCb4A7569a61300C50Cf80A2be16329AD9F5F8F9e,BUSD,18
113,USDT/BUSD,978713517684.3881,0xEc8aC4CCBBAe310f9e83D102b35178d6C10EDFeA,1663356852,3629440738,3552182711915001295571,0x81ECac0D6Be0550A00FF064a4f9dd2400585FE9c,USDT,6,0xCb4A7569a61300C50Cf80A2be16329AD9F5F8F9e,BUSD,18
114,USDT/BNB,3577886051.7601047,0x2f6F833fAb26Bf7F81827064f67ea4844BdEa03F,1663392738,275126066,984369714017029990,0x81ECac0D6Be0550A00FF064a4f9dd2400585FE9c,USDT,6,0xc9BAA8cfdDe8E328787E29b4B078abf2DaDc2055,BNB,18
115,1BEAM/USDT,2.1627970850328712e-10,0x80C7450aCC9dE8AaC72f05812091e8cf63d43e68,1645127196,4623642259,1,0x19d2f0CF1FC41DE2b8fd4A98065AB9284E05Cf29,1BEAM,18,0xeFAeeE334F0Fd1712f9a8cc375f427D9Cdd40d73,USDT,6
116,CELR/WGLMR,0.03998493797040051,0xd47BeC28365a82C0C006f3afd617012B02b129D6,1663405500,1905593191175462482559,76195025545968417759,0x3795C36e7D12A8c252A20C5a7B455f7c57b60283,CELR,18,0xAcc15dC74880C9944775448304B263D191c6077F,WGLMR,18
117,USDT/BUSD,983305920735.3481,0xc0eb33dE68e2AB93F45Ac96f3E72244c97E745B3,1650986190,11140,10954027956991778,0x81ECac0D6Be0550A00FF064a4f9dd2400585FE9c,USDT,6,0xA649325Aa7C5093d12D6F98EB4378deAe68CE23F,BUSD,18
118,STELLA/CELR,78.90265486725664,0xa34198E24008A98f58C5A8A91287777d7940AFba,1645200084,113,8916,0x0E358838ce72d5e61E0018a2ffaC4bEC5F4c88d2,STELLA,18,0x3795C36e7D12A8c252A20C5a7B455f7c57b60283,CELR,18
119,BROS/WGLMR,0.0003818999645248445,0x823bBB4a79CF9A6E77932E5040a992D41Fd6769B,1645423488,6308361743050835,2409163125881,0x25D8FF22f7594cAb0Ab4B799742e8788905C13cd,BROS,18,0xAcc15dC74880C9944775448304B263D191c6077F,WGLMR,18
120,BEAM-LP/WGLMR,7.614105938952049,0x6e30ceD71b2Ce9Df948fb75074263247F58ae54E,1645421304,1313351834105992,10000000000000000,0x440a7Ed93265b82785587f6e13C661FAD99f2751,BEAM-LP,18,0xAcc15dC74880C9944775448304B263D191c6077F,WGLMR,18
121,BEAM-LP/WGLMR,7.614105938952049,0xFC68489a5c2A12596937F5998faC9D8C381aa151,1645421598,1313351834105992,10000000000000000,0x1EB198BCC08A5A0eC2d6d47ffDe19a68D2d137e3,BEAM-LP,18,0xAcc15dC74880C9944775448304B263D191c6077F,WGLMR,18
122,BEAM-LP/WGLMR,8.765297953298857,0x12aCd22b17ceF73AeBA55a72F4c5341176B5Df09,1645421988,1140862530090772,10000000000000000,0x42e274e2cE602A348AaddB3299AB46Fc838A3D73,BEAM-LP,18,0xAcc15dC74880C9944775448304B263D191c6077F,WGLMR,18
123,BEAM-LP/WGLMR,8.765297953298857,0x64c0b8E1EDd8115D1A892787f417EC85C64Ea8a6,1645422462,1140862530090772,10000000000000000,0xA88dcE7bFe9A0b25Ef3d2A277bb15CE424737D39,BEAM-LP,18,0xAcc15dC74880C9944775448304B263D191c6077F,WGLMR,18
124,BEAM-LP/WGLMR,11.85639707335988,0x32da67BBF56e59cAFAA5cd6E251a3E12329D9bEB,1645423116,981141730090772,11632805937199477,0x7b282Ab2671304a526e4bEe1F184206db9bFf184,BEAM-LP,18,0xAcc15dC74880C9944775448304B263D191c6077F,WGLMR,18
125,BEAM-LP/WGLMR,2.5498945354420424,0x7Aa9fCe9A0b5E3BE9ab8Dcf7A3DAAe8D2de6ba9b,1645423356,4562073171102992,11632805449282269,0x0f9cf146e871Ed2C1Af0503359F3250c33a401Be,BEAM-LP,18,0xAcc15dC74880C9944775448304B263D191c6077F,WGLMR,18
126,DaBROS/WGLMR,2.3403551041718058e-08,0x0E8C69c2D58898CDE1F728dc355633ACb6751bAE,1645859322,52576990324510501589762,1230488276679598,0x6871f83f7240dF29EBdbB06871D72382fe915624,DaBROS,18,0xAcc15dC74880C9944775448304B263D191c6077F,WGLMR,18
127,WGLMR/BlackBeam,154909.7217829832,0x636D1630E5D496C5c43334D8352Ba88936B6A654,1645548396,1775180885941816522,274992777155716436738887,0xAcc15dC74880C9944775448304B263D191c6077F,WGLMR,18,0xf99Ad121420d60368956aEF4dD78C25617Ea846e,BlackBeam,9
128,USDC/FTM,4037645569383.4546,0x077Fc7B4455050249D7F5511ED588a665E03e6C5,1663392822,4514159176,18226574796468065552857,0x818ec0A7Fe18Ff94269904fCED6AE3DaE6d6dC0b,USDC,6,0xC19281F22A075E0F10351cd5D6Ea9f0AC63d4327,FTM,18
129,WGLMR/FTM,2.087725861298037,0x2Afab635EA2DC4B498EF1C00E63b7a7dBa9c93C6,1663407480,89975577003859610409963,187844338996170661700953,0xAcc15dC74880C9944775448304B263D191c6077F,WGLMR,18,0xC19281F22A075E0F10351cd5D6Ea9f0AC63d4327,FTM,18
130,CGS/WGLMR,0.00011459559217409663,0xbc5f161A5bEf1352a6108FB5D19Dc597CBfd8F0E,1663402908,16034346449909413005502758,1837465426551993378101,0x2Dfc76901bB2ac2A5fA5fc479590A490BBB10a5F,CGS,18,0xAcc15dC74880C9944775448304B263D191c6077F,WGLMR,18
131,CGS/USDC,5.889464556990022e-17,0x3Bc38b863c4C945951fB277B77c6DbFF0A9f1dBB,1663402908,32514839515032070097623495,1914949949,0x2Dfc76901bB2ac2A5fA5fc479590A490BBB10a5F,CGS,18,0x818ec0A7Fe18Ff94269904fCED6AE3DaE6d6dC0b,USDC,6
132,BCMC/WGLMR,0.026599978012026335,0x6f71389426efe6fF4e357Ca6DD012B210A6a3c9c,1663407066,703519663791434278725387,18713607587880310068232,0x8ECE0D14d619fE26e2C14C4a92c2F9E8634A039E,BCMC,18,0xAcc15dC74880C9944775448304B263D191c6077F,WGLMR,18
133,STELLA/FTM,0.8319267482471504,0xa0e77B77387D259A197312f88eB159b168d10702,1646982468,13635101283779684,11343405473035379,0x0E358838ce72d5e61E0018a2ffaC4bEC5F4c88d2,STELLA,18,0xC19281F22A075E0F10351cd5D6Ea9f0AC63d4327,FTM,18
134,HELLOBEAM/WGLMR,0.8322560837054049,0x235CA5a807Cdd874C830AB78457f55acC5B2Ba36,1645783566,1651438887964296962,1374420061375974864,0x2Ec2aEdbD0351ce482A4C4Bf2027D6f24EcB0650,HELLOBEAM,9,0xAcc15dC74880C9944775448304B263D191c6077F,WGLMR,18
135,LUNA/WGLMR,110639750.30449064,0xE2BFE2F1437f249B15B7111011219995ecc43155,1663347804,1943502260955,215028604868274195705,0x31DAB3430f3081dfF3Ccd80F17AD98583437B213,LUNA,6,0xAcc15dC74880C9944775448304B263D191c6077F,WGLMR,18
136,UST/WGLMR,17599557069.24368,0xb6835036C9A2A96D3BfB8DBE1722971fEb456a83,1663340736,263388774878,4635525774863536604217,0x085416975fe14C2A731a97eC38B9bF8135231F62,UST,6,0xAcc15dC74880C9944775448304B263D191c6077F,WGLMR,18
137,Diamond/WGLMR,3.9353464542991816e-07,0x35cF65766C8623E22c37BCd3725d65def1947E8A,1645997502,6310632627000355641617,2483452573305058,0x598c77B19D5978E5D88018188e48849EF448E586,Diamond,18,0xAcc15dC74880C9944775448304B263D191c6077F,WGLMR,18
138,STELLA/BCMC,5.9884720012736725,0x0bCabC88E82d413283BD97570D08064eA2f6635A,1646417112,1156457404476514,6925412787373227,0x0E358838ce72d5e61E0018a2ffaC4bEC5F4c88d2,STELLA,18,0x8ECE0D14d619fE26e2C14C4a92c2F9E8634A039E,BCMC,18
139,LUNA/BUSD,23304404.582319137,0x7E85Bfc0F2A79DBda582c9c648408DbA63626361,1662316134,6775484,157898620377030,0x31DAB3430f3081dfF3Ccd80F17AD98583437B213,LUNA,6,0xA649325Aa7C5093d12D6F98EB4378deAe68CE23F,BUSD,18
140,WBTC/ETH,386953789.0,0x99b3C6d537872b40E6FeF5EbbA0739146A9d0312,1646797170,1,386953789,0x922D641a426DcFFaeF11680e5358F34d97d112E1,WBTC,8,0xfA9343C3897324496A05fC75abeD6bAC29f8A40f,ETH,18
141,MDOGE/WGLMR,1.6001183494942201e-06,0x67F1fd621a0bDD2521B4bEBdec79FA957e199789,1646814738,6163694220292904859614,9862640222562147,0x71B41F1726C8cBf718cd07e298beA97C73345E33,MDOGE,18,0xAcc15dC74880C9944775448304B263D191c6077F,WGLMR,18
142,USDC/USDT,1.0,0xa6111C798c80345a3FDC695368A156651604FFC3,1646856750,1000,1000,0x818ec0A7Fe18Ff94269904fCED6AE3DaE6d6dC0b,USDC,6,0x81ECac0D6Be0550A00FF064a4f9dd2400585FE9c,USDT,6
143,WGLMR/AD2,8.573410253970132e-07,0xFd47A15179072B3dCE99d6a488BaD1D3135e0819,1659964752,1166397,1,0xAcc15dC74880C9944775448304B263D191c6077F,WGLMR,18,0xc4ACD115F1CeeBD4A88273423D6CF77C4A1c7559,AD2,8
144,WGLMR/FLOKBE,848169.3297422974,0x55E1242d64444F818Cc7Ab4c54e13BEe7Ed50e82,1647322524,4160044919175354,3528422510794810055780,0xAcc15dC74880C9944775448304B263D191c6077F,WGLMR,18,0xFD56B4723c919187eC0Fc80261Aa4cae884A1F81,FLOKBE,18
145,xStella/USDC,1.1075191382134978e-13,0x5e933ab742bFa040351FD8eE8042299d35D2C76E,1661752908,1153569230470232732,127760,0x06A3b410b681c82417A906993aCeFb91bAB6A080,xStella,18,0x818ec0A7Fe18Ff94269904fCED6AE3DaE6d6dC0b,USDC,6
146,EXID/WGLMR,0.0011704808204030797,0x0CC2B31B56faF754238A6e0774a400CD4272743C,1647477648,537746480418661070,629421941569303,0x8fa2a949E37207cE54f5a7127edbD26236699d73,EXID,18,0xAcc15dC74880C9944775448304B263D191c6077F,WGLMR,18
147,APE/WGLMR,9.757004814881324,0x55Db71E6bEaB323290f6571C428C171e15CDBAD2,1663230174,56728757815213383570,553502763145273542824,0x3D632d9e1a60a0880Dd45E61f279D919b5748377,APE,18,0xAcc15dC74880C9944775448304B263D191c6077F,WGLMR,18
148,CGS/USDT,4.727085195346791e-17,0x139281CDC6BA03EFCEa5947E595ea3c49E8416Da,1660813614,189651754295118113402,8965,0x2Dfc76901bB2ac2A5fA5fc479590A490BBB10a5F,CGS,18,0xeFAeeE334F0Fd1712f9a8cc375f427D9Cdd40d73,USDT,6
149,APE/FTM,10.658203518151451,0x4841E82AA827dDb46A517DB5285740f68826cdC3,1647673140,33710158932901,359289734536090,0x3D632d9e1a60a0880Dd45E61f279D919b5748377,APE,18,0xC19281F22A075E0F10351cd5D6Ea9f0AC63d4327,FTM,18
150,CGS/BUSD,5.5911274351866224e-05,0x3aFbf42D3BBf60F1c6420061aC9DB53134924015,1662649536,8254112547513020587739,461497951175181943,0x2Dfc76901bB2ac2A5fA5fc479590A490BBB10a5F,CGS,18,0xA649325Aa7C5093d12D6F98EB4378deAe68CE23F,BUSD,18
151,axlATOM/WGLMR,32544050109260.355,0xf4C10263f2A4B1f75b8a5FD5328fb61605321639,1663408230,5833963189,189860790358396340122114,0x27292cf0016E5dF1d8b37306B2A98588aCbD6fCA,axlATOM,6,0xAcc15dC74880C9944775448304B263D191c6077F,WGLMR,18
152,axlATOM/USDC,16.887118204408424,0x051FcF8986B30860a1341e0031e5622Bd18d8A85,1663408230,1771440700,29914528493,0x27292cf0016E5dF1d8b37306B2A98588aCbD6fCA,axlATOM,6,0x818ec0A7Fe18Ff94269904fCED6AE3DaE6d6dC0b,USDC,6
153,STELLA/APE,0.02664657359233815,0xa2254Ef3Cfd1c5C9264aa0BF527A8365fCe99818,1663230174,4706555573056796343,125413579443887181,0x0E358838ce72d5e61E0018a2ffaC4bEC5F4c88d2,STELLA,18,0x3D632d9e1a60a0880Dd45E61f279D919b5748377,APE,18
154,MATIC/USDC,1.3936676928346012e-12,0xA5E6727bC27d3D8D0bAb987c0753274077bf3661,1660813650,2154746081465198,3003,0x3405A1bd46B85c5C029483FbECf2F3E611026e45,MATIC,18,0x818ec0A7Fe18Ff94269904fCED6AE3DaE6d6dC0b,USDC,6
155,WETH/ETH,0.1303219255393097,0x083C214C4c86820c292dD08eEE028325c988D014,1663394724,120050146507692787,15645166254158761,0x30D2a9F5FDf90ACe8c17952cbb4eE48a55D916A7,WETH,18,0xfA9343C3897324496A05fC75abeD6bAC29f8A40f,ETH,18
156,xStella/WGLMR,0.21313331266386415,0x6b1D426b51cA8287169C01Af976033790EF3d192,1661752908,60465217446486456261,12887152095310531703,0x06A3b410b681c82417A906993aCeFb91bAB6A080,xStella,18,0xAcc15dC74880C9944775448304B263D191c6077F,WGLMR,18
157,STELLA LP/WGLMR,1.732820603464277,0xF18C03F71244835357b82328172b830745c8de1E,1661503854,317227608012304387,549698535151410386,0x7F5Ac0FC127bcf1eAf54E3cd01b00300a0861a62,STELLA LP,18,0xAcc15dC74880C9944775448304B263D191c6077F,WGLMR,18
158,CELR/USDC,2.039486044726449e-14,0xb30602ebE174DBAf4dCeb6764CdD76DbBBb19588,1663390896,14731419995585112593869,300445255,0x3795C36e7D12A8c252A20C5a7B455f7c57b60283,CELR,18,0x818ec0A7Fe18Ff94269904fCED6AE3DaE6d6dC0b,USDC,6
159,WGLMR/MOONDOGE,17960531.0,0xeC06Cb831eF92D29C38eE0C653380D7Bc30acE09,1648970598,1,17960531,0xAcc15dC74880C9944775448304B263D191c6077F,WGLMR,18,0xbc25D15c31Bd3E93D0D7959D6A7F4d20FD70A469,MOONDOGE,18
160,WGLMR/KINGBEAM,285623.1499788689,0x9cDc527DE8093D04FC79930863FdA0033fDC5A50,1649069214,1052843224606518642,300716398246023646393988,0xAcc15dC74880C9944775448304B263D191c6077F,WGLMR,18,0xb963Ae1427B9ca08FC214CCcd7f5eA33BA821663,KINGBEAM,9
161,USDC/BNB,563814289.3330518,0x9Ca8F5905A151DFaeCBeDf85032b07B623827c2e,1663395672,19732204,11125298575234801,0x8f552a71EFE5eeFc207Bf75485b356A0b3f01eC9,USDC,6,0xc9BAA8cfdDe8E328787E29b4B078abf2DaDc2055,BNB,18
162,UST/CGS,198549593863889.5,0x22c31B8e1661a407DF839B9daeDD780c3d733a9b,1660359372,13833,2746536531919183639,0x085416975fe14C2A731a97eC38B9bF8135231F62,UST,6,0x2Dfc76901bB2ac2A5fA5fc479590A490BBB10a5F,CGS,18
163,CINUMB/WGLMR,3.4563316006973655e-05,0xce04d7410792f26e55AdbABf9c6f14942Aa696f9,1649735874,636513001112543075253045,22000000000000000000,0x605a1aC45d0924be0e1d4A2D1c091F59D3eD9c3E,CINUMB,9,0xAcc15dC74880C9944775448304B263D191c6077F,WGLMR,18
164,WGLMR/MOONDOGE,7.900903176547781e-05,0x7F689B585f0Bb44A86A8A0879CfB351ac9766147,1649750034,1092326000756150,86303619692,0xAcc15dC74880C9944775448304B263D191c6077F,WGLMR,18,0xcF9e8841f7EBC5951652572af06Ea765b7af2C7d,MOONDOGE,9
165,BUSD/MOONDOGE,47140.01527336495,0xA96623aF7b09a82b5F5bAcD13A96829fd27126d7,1649748084,212134,10000000000,0xA649325Aa7C5093d12D6F98EB4378deAe68CE23F,BUSD,18,0xcF9e8841f7EBC5951652572af06Ea765b7af2C7d,MOONDOGE,9
166,MOONDOGE/WGLMR,299807.1459393046,0x236E13a0184862892C988504bFEAd621E34978CE,1650932604,975341608394,292414383928456055,0x11B3762E99BB3C400eE1B587F4Cfc4bD01b475C9,MOONDOGE,9,0xAcc15dC74880C9944775448304B263D191c6077F,WGLMR,18
167,WGLMR/MOONDOGE2,7.531187283559484e-08,0x78e38CDf0C6bEA92742A6FF069Fd2f26A6b5e966,1649844450,3591175837446080,270458178,0xAcc15dC74880C9944775448304B263D191c6077F,WGLMR,18,0xe263a6C0880cbB3B3ed28F0743afA8517358e403,MOONDOGE2,3
168,WGLMR/MOONDOGE,1458650.0,0x82D7424956b102E07C7a18D5496d8381d425b81b,1649844330,1,1458650,0xAcc15dC74880C9944775448304B263D191c6077F,WGLMR,18,0xd407Ab190F7d3Abc066FB18aA9fD89D96D840D4F,MOONDOGE,18
169,MOONDOGE/WGLMR,,0x4EDa8C62b2C54516bAb7AD56F78e2d115eb41416,0,0,0,0x42e843B5a799f3fC6BB961430bC6E3C6D25A61eb,MOONDOGE,9,0xAcc15dC74880C9944775448304B263D191c6077F,WGLMR,18
170,WGLMR/MOONDOGE,1449428.0,0x61c8BB49966649725E85832ec6745A7240080c5f,1649854674,1,1449428,0xAcc15dC74880C9944775448304B263D191c6077F,WGLMR,18,0xE63f425f62f3EFa1C905a7CDA7bCe61C867492DE,MOONDOGE,18
171,MOONDOGE/WGLMR,4.7412685243356794e-07,0x17C856D9Cd2414ADc8ae57818cd20B56D8A5D9D4,1649857986,4588473914459896104064,2175518694536403,0x852460aADA10fC4576B827F4AEe3C7d8c48EE900,MOONDOGE,18,0xAcc15dC74880C9944775448304B263D191c6077F,WGLMR,18
172,WGLMR/MOONDOGE,,0x4222F3fb0a48e466D1D4fF55f996888C630caB43,0,0,0,0xAcc15dC74880C9944775448304B263D191c6077F,WGLMR,18,0xc583E08eA577FCB3Fc0EF74a8790c1efddAB887d,MOONDOGE,18
173,MOONDOGE/WGLMR,,0x5CE47CAbaf9EF6F4407887300EA922f001F56EbD,0,0,0,0x3aDf9643a003Ef2cEa4cFd194D48F8B844A05bC2,MOONDOGE,18,0xAcc15dC74880C9944775448304B263D191c6077F,WGLMR,18
174,MOONDOGE/WGLMR,0.0005976373491557986,0x9d1103727B2214bE53674479E5e7B7B26954e1d7,1651713456,189352529077903692220,113164143534064639,0x80a28E2D20a5Ff6f67f202F2E7547284d71917f5,MOONDOGE,18,0xAcc15dC74880C9944775448304B263D191c6077F,WGLMR,18
175,WGLMR/Driver,19.126438826508352,0xC16E7b5C8230b96Cc75AC580c2a503fE73f46EC2,1649867322,99243893126968,1898182250797486,0xAcc15dC74880C9944775448304B263D191c6077F,WGLMR,18,0xe6F3626b017531aE8E9671DE32428f24E010B1Da,Driver,9
176,Moonoge/WGLMR,,0xC1AC34099Bf38FC1B49D7C678816f52B14578ace,0,0,0,0x840180DF09696e22151CF8aF256B69BbacdBd7e7,Moonoge,9,0xAcc15dC74880C9944775448304B263D191c6077F,WGLMR,18
177,Moonoge/WGLMR,5520.609017876206,0x89253cAB540bA699c4050024C27324C413fbcD7A,1649993886,496309628013,2739931408067353,0x44DE9321819A04904514Dec12DeDBa9636Fc0A53,Moonoge,9,0xAcc15dC74880C9944775448304B263D191c6077F,WGLMR,18
178,MCROGE/WGLMR,0.2448249024857655,0xbebdc56D7d98871333a119C8A80891Ca1457f573,1649994576,6144129846007596,1504235990408691,0x1757aFDE05918694f2B49b0b41A26ae5c4266Da1,MCROGE,9,0xAcc15dC74880C9944775448304B263D191c6077F,WGLMR,18
179,Moonoge/WGLMR,2420.3011379272043,0xDeCF95eE38271aAe44509a43d4cBd861fAfc1e4b,1649995518,37299757079,90276644502712,0x20aECb5164354060760811107983dC8481f96C76,Moonoge,9,0xAcc15dC74880C9944775448304B263D191c6077F,WGLMR,18
180,WGLMR/Dogebeam,3.8452899551113915,0x6630cd85625cC26C79e718Bc2571D3Fc81BEE7F1,1649997594,2869143806361561,11032689858372174,0xAcc15dC74880C9944775448304B263D191c6077F,WGLMR,18,0xFf15070D29Eda28876d873A66d11736952239403,Dogebeam,9
181,Dogebeam/WGLMR,2.570373608087963,0xB1709531887CD52d2e42aaa9670378840786963E,1650002034,23032772063674914,59202829433575730,0x099d6AA2ab0912A8C2d57C6b1Fb1C4DcD6d33186,Dogebeam,9,0xAcc15dC74880C9944775448304B263D191c6077F,WGLMR,18
182,Dogebeam/WGLMR,6.565330756659133,0x54Bd90f446a32A6AD7Ab2227b873b47702c86495,1650003102,52353328655491,343716918835379,0x52eE8da59a837E1EcF88DF40f68207CD5836Ee3B,Dogebeam,9,0xAcc15dC74880C9944775448304B263D191c6077F,WGLMR,18
183,Dogebeam/WGLMR,5.406088409641416,0x4C4AafDf3d5F3BF8283A8C8F7fB14415bD8E895a,1651180950,1688719995330663141,9129369593886803997,0x3eB58b4A88D63cbAdBf9c11e674F5aFedE010326,Dogebeam,9,0xAcc15dC74880C9944775448304B263D191c6077F,WGLMR,18
184,SBM/WGLMR,3.192285525420694,0x1404dF3ad4a11a6c1Ee6144c530FBC9F7eEa0957,1650470670,516892567243302060,1650068660608336075,0x8e669E5A9Ed9Eb3B0Bfc27b20202EBA4e942cBc4,SBM,9,0xAcc15dC74880C9944775448304B263D191c6077F,WGLMR,18
185,USDC/IDIA,1019816523.0,0x7d6071551aF81d3d63AABB09388464eFdD327a0F,1650387798,1,1019816523,0x818ec0A7Fe18Ff94269904fCED6AE3DaE6d6dC0b,USDC,6,0xfCAF13227dcBFa2dc2b1928acFcA03b85e2D25dd,IDIA,18
186,ASTRAL/WGLMR,121.1051720055131,0x66f055700F9ff6317005E5830D6FBa748cca66b6,1650506892,57521942385805,6966204726724129,0x073Af3264c1F486c8cea4188167253F3b1e2A308,ASTRAL,18,0xAcc15dC74880C9944775448304B263D191c6077F,WGLMR,18
187,TESTGLMR/WGLMR,1.645232085936859e-14,0xc2954FD689a33eE721ED4F3CDBA3354385453eBf,1650646242,6524880907936645340451135176980,107349434266541927,0x1c4AE7a088730A61bd652B501734b87C068dA376,TESTGLMR,7,0xAcc15dC74880C9944775448304B263D191c6077F,WGLMR,18
188,WGLMR/MTRG,0.3670173824906608,0xd77d41b92535590c60AE3c4F836c57362525313c,1659863016,1467390553732346,538557840122367,0xAcc15dC74880C9944775448304B263D191c6077F,WGLMR,18,0xBd2949F67DcdC549c6Ebe98696449Fa79D988A9F,MTRG,18
189,WETH/WGLMR,362.5535660848075,0x9d19EDBFd29D2e01537624B25806493dA0d73bBE,1663408512,124027259368086770275,44966525175625211853192,0x30D2a9F5FDf90ACe8c17952cbb4eE48a55D916A7,WETH,18,0xAcc15dC74880C9944775448304B263D191c6077F,WGLMR,18
190,USDC/USDT,23.112903225806452,0xF7f294d6c67f327378B4D90DA9dE5F4CCa79696e,1663081158,248,5732,0x818ec0A7Fe18Ff94269904fCED6AE3DaE6d6dC0b,USDC,6,0x8e70cD5B4Ff3f62659049e74b6649c6603A0E594,USDT,6
191,axlATOM/AVAX,555538748.0,0x489E4bE350aD5c60f42B168972a0838E8F759957,1650980184,1,555538748,0x27292cf0016E5dF1d8b37306B2A98588aCbD6fCA,axlATOM,6,0x4792C1EcB969B036eb51330c63bD27899A13D84e,AVAX,18
192,USDT/WBTC,0.005218834329808454,0xAac208af698A620047EBe75C50A4fd8d71192731,1663368534,6052501,31587,0x81ECac0D6Be0550A00FF064a4f9dd2400585FE9c,USDT,6,0x8a4B4C2aCAdeAa7206Df96F00052e41d74a015CE,WBTC,8
193,MATIC/ETH,0.00043375219654196194,0x4C828B324b4821173C018c15506Bcf4e59d3cE57,1651146984,718951265670032,311846690691,0x3405A1bd46B85c5C029483FbECf2F3E611026e45,MATIC,18,0xfA9343C3897324496A05fC75abeD6bAC29f8A40f,ETH,18
194,UST/LUNA,1390.1893814091961,0xACDcfC34baC8852E2Ccecb2196712eE1D12CAf6C,1652399880,12092,16810170,0x085416975fe14C2A731a97eC38B9bF8135231F62,UST,6,0x31DAB3430f3081dfF3Ccd80F17AD98583437B213,LUNA,6
195,WGLMR/xcDOT,7.420215897003742e-10,0xa927E1e1E044CA1D9fe1854585003477331fE2Af,1663408404,1970787990625858769962046,1462367237766606,0xAcc15dC74880C9944775448304B263D191c6077F,WGLMR,18,0xFfFFfFff1FcaCBd218EDc0EbA20Fc2308C778080,xcDOT,10
196,USDC/WGLMR,310547460807.6659,0x9bFcf685e641206115dadc0C9ab17181e1d4975c,1663407978,1234167276096,383267513803526353640883,0x8f552a71EFE5eeFc207Bf75485b356A0b3f01eC9,USDC,6,0xAcc15dC74880C9944775448304B263D191c6077F,WGLMR,18
197,XMN/WGLMR,1.2364891046438996e-07,0x9D396A685C78DF6730346C4c4346f6878Bd0D87f,1652011608,890461298164297120755408,110104569328721619,0x5d9a3948a688aa40b5F2e1Ab58B80872FfF038A7,XMN,9,0xAcc15dC74880C9944775448304B263D191c6077F,WGLMR,18
198,WBTC/USDT,198.90140845070422,0x9d777861135c33eBA7B0d81a55CDE2b60b003853,1662649572,71,14122,0x922D641a426DcFFaeF11680e5358F34d97d112E1,WBTC,8,0xeFAeeE334F0Fd1712f9a8cc375f427D9Cdd40d73,USDT,6
199,DAI/USDC,9.997254883773229e-10,0x83421feC7606533fa6fD419516f00F7b7bEF7D20,1652427036,1000274587,1,0x765277EebeCA2e31912C9946eAe1021199B39C61,DAI,18,0x8f552a71EFE5eeFc207Bf75485b356A0b3f01eC9,USDC,6
200,USDC/BUSD,1000000000.0,0x38081f4141dF3A1a45D87B1f3E3E027cc4769cBC,1652465112,1,1000000000,0x8f552a71EFE5eeFc207Bf75485b356A0b3f01eC9,USDC,6,0xA649325Aa7C5093d12D6F98EB4378deAe68CE23F,BUSD,18
201,USDC/ETH,89275838.0571845,0x03dD5DA4Be4C8ACAB42390c00b1D62a78E855a7f,1659438984,75475,6738093877366,0x8f552a71EFE5eeFc207Bf75485b356A0b3f01eC9,USDC,6,0xfA9343C3897324496A05fC75abeD6bAC29f8A40f,ETH,18
202,axlATOM/USDC,111.08974358974359,0xB1dc3E63F8A94595555f3d431b865Fc733c771E1,1662650808,468,51990,0x27292cf0016E5dF1d8b37306B2A98588aCbD6fCA,axlATOM,6,0x8f552a71EFE5eeFc207Bf75485b356A0b3f01eC9,USDC,6
203,UST/NGM,0.06538374462304732,0x7C481Cdb8a125047F62014eb70c3994B0cBa90CE,1653055974,22085,1444,0x085416975fe14C2A731a97eC38B9bF8135231F62,UST,6,0x08fe7A0db575c2a08d76EEcA71763E48C6e60F45,NGM,6
204,NGM/axlUSDC,0.4148750726321906,0x544577660CA0c96e65af9469BA00000Dae8859BA,1653047466,1721,714,0x08fe7A0db575c2a08d76EEcA71763E48C6e60F45,NGM,6,0xCa01a1D0993565291051daFF390892518ACfAD3A,axlUSDC,6
205,NGM/axlATOM,0.07949829813027463,0xa812D0B3c9517ba0A70E447f0fe13082a1a343fA,1653050202,85788,6820,0x08fe7A0db575c2a08d76EEcA71763E48C6e60F45,NGM,6,0x27292cf0016E5dF1d8b37306B2A98588aCbD6fCA,axlATOM,6
206,UST/axlUSDC,0.009651377656394601,0x498a3362Fc69111Aa2D93C9d1c8db516B9A1e064,1658738532,35661541,344183,0x085416975fe14C2A731a97eC38B9bF8135231F62,UST,6,0xCa01a1D0993565291051daFF390892518ACfAD3A,axlUSDC,6
207,WETH/USDC,1.1633387706173147e-09,0xeFEba2bb7C12dA828EC5962775778e16366Ca41B,1663408326,22838011034310978582,26568343680,0x30D2a9F5FDf90ACe8c17952cbb4eE48a55D916A7,WETH,18,0x8f552a71EFE5eeFc207Bf75485b356A0b3f01eC9,USDC,6
208,USDC/xcDOT,1435.4515878063635,0x4C76CA040D3DcEBA6532BbD2E895f8C0Aeb3400a,1663395942,112737393,161829069787,0x818ec0A7Fe18Ff94269904fCED6AE3DaE6d6dC0b,USDC,6,0xFfFFfFff1FcaCBd218EDc0EbA20Fc2308C778080,xcDOT,10
209,PORK/WGLMR,5.381295231079881e-05,0xb7Cd0Aee0241F378E16137842DD911F55168C1db,1662649536,2513026648099566601271352,135233383169948552579,0xA98FcFDB684A894d26B91f85CEbFc4CD51f95875,PORK,18,0xAcc15dC74880C9944775448304B263D191c6077F,WGLMR,18
210,USDC/FTM,1532095198.0,0x68d7355419546f68304676c8fbCB57e228CB110e,1653470544,1,1532095198,0x8f552a71EFE5eeFc207Bf75485b356A0b3f01eC9,USDC,6,0xC19281F22A075E0F10351cd5D6Ea9f0AC63d4327,FTM,18
211,stDOT/xcDOT,1.0004136448369847,0xaa364B40BC14A5b17050935Cc93B670e6b96a900,1662413184,10140711608,10144906261,0xFA36Fe1dA08C89eC72Ea1F0143a35bFd5DAea108,stDOT,10,0xFfFFfFff1FcaCBd218EDc0EbA20Fc2308C778080,xcDOT,10
212,TTT/WGLMR,1.0000050065808889e-07,0xC5ea8775E648Dd556e3C5F8225D1e1CBF2154DaE,1654561656,4171882823131187,417190371,0x26E4BB1c99e2aDCabF6beEc7028254058fAa0d35,TTT,18,0xAcc15dC74880C9944775448304B263D191c6077F,WGLMR,18
213,FRAX/DAI,6.680786933544686,0x38d03525DD4758751a6162979B7AF70E2AF8B9e0,1663088244,1164533856964357444,7780002575277875771,0x322E86852e492a7Ee17f28a78c663da38FB33bfb,FRAX,18,0xc234A67a4F840E61adE794be47de455361b52413,DAI,18
214,USDT/DAI,1000000000000.0,0xbDC0e4519C2C7309DB9dd01B2957B3670Fc35337,1654766490,3000000,3000000000000000000,0x8e70cD5B4Ff3f62659049e74b6649c6603A0E594,USDT,6,0xc234A67a4F840E61adE794be47de455361b52413,DAI,18
215,FRAX/USDT,5.205962076730503e-12,0xa4dF61A33200fa618Ed8443622EbC2f9D664A071,1663393842,1317969262716776489,6861298,0x322E86852e492a7Ee17f28a78c663da38FB33bfb,FRAX,18,0x8e70cD5B4Ff3f62659049e74b6649c6603A0E594,USDT,6
216,FRAX/USDC,6.9106875614131575e-12,0x43Ab51Bc8c29652F2D004959af4605Fb62dC9994,1662994638,1151001102178819181,7954209,0x322E86852e492a7Ee17f28a78c663da38FB33bfb,FRAX,18,0x8f552a71EFE5eeFc207Bf75485b356A0b3f01eC9,USDC,6
217,FRAX/MAI,1.0356128460064982,0xe9D5702C7D8873215536c9a1984c99AE2a32520e,1659588900,2974140508791716822,3080058116733004378,0x322E86852e492a7Ee17f28a78c663da38FB33bfb,FRAX,18,0xdFA46478F9e5EA86d57387849598dbFB2e964b02,MAI,18
218,DAI/MAI,0.13121821799496775,0xE4229D16dA3EC31C651129cA7F465e7eF7609a3F,1661731380,8326731330697886729,1092618846937043228,0xc234A67a4F840E61adE794be47de455361b52413,DAI,18,0xdFA46478F9e5EA86d57387849598dbFB2e964b02,MAI,18
219,USDT/MAI,146820860493.64642,0x77C2e746926338e6618cB5CCFf47Cdc340B0eF3E,1660949424,7869218,1155365358172091383,0x8e70cD5B4Ff3f62659049e74b6649c6603A0E594,USDT,6,0xdFA46478F9e5EA86d57387849598dbFB2e964b02,MAI,18
220,USDC/MAI,142944773909.9272,0xD43eB53e3337D1119AC2D3EF0f23A5955E46439d,1661678088,8070126,1153582336494625131,0x8f552a71EFE5eeFc207Bf75485b356A0b3f01eC9,USDC,6,0xdFA46478F9e5EA86d57387849598dbFB2e964b02,MAI,18
221,WELL/WGLMR,0.02076096482939725,0xb536c1F9A157B263B70A9a35705168ACC0271742,1663408596,31059145765187190941628905,644817832862173811651706,0x511aB53F793683763E5a8829738301368a2411E3,WELL,18,0xAcc15dC74880C9944775448304B263D191c6077F,WGLMR,18
222,STELLA/MAI,0.16302968659326125,0xa46A86Ef4627ce46A1d08BC784edDCE3B9fdf904,1663408368,5953872425877718780,970657955607104631,0x0E358838ce72d5e61E0018a2ffaC4bEC5F4c88d2,STELLA,18,0xdFA46478F9e5EA86d57387849598dbFB2e964b02,MAI,18
223,WELL/USDC,1.2376460090785592e-14,0x092D89e10Af54F23f3a49b5089c281Af0612dD25,1662980802,275603845928411025,3411,0x511aB53F793683763E5a8829738301368a2411E3,WELL,18,0x818ec0A7Fe18Ff94269904fCED6AE3DaE6d6dC0b,USDC,6
224,STELLA/WELL,13.566681192189087,0x9bd145D3de265519012a0C97653f45CEC21b1Df1,1663393842,6326636497628217540,85831460382189769920,0x0E358838ce72d5e61E0018a2ffaC4bEC5F4c88d2,STELLA,18,0x511aB53F793683763E5a8829738301368a2411E3,WELL,18
225,1BEAM/WELL,0.0003988393147875875,0xB296f979f2bde8e258Bc11E8efa1AD3E6BaC0F72,1656171954,72997005068468908105,29114075483054191,0x19d2f0CF1FC41DE2b8fd4A98065AB9284E05Cf29,1BEAM,18,0x511aB53F793683763E5a8829738301368a2411E3,WELL,18
226,MND/WGLMR,323.57185166326525,0xb9b8a87d04B4eCF94f1ae035f7441Af8D74350F2,1656686004,955191010772,309072924047602,0x5524F4219828BA30f6C51427D5a932B10407E511,MND,1,0xAcc15dC74880C9944775448304B263D191c6077F,WGLMR,18
227,AVAX/xcDOT,2.515165746686329e-08,0xB27A4C705A835Dd186Af31313DEEeeC2A8dd9d57,1656970314,95636480544834,2405416,0x4792C1EcB969B036eb51330c63bD27899A13D84e,AVAX,18,0xFfFFfFff1FcaCBd218EDc0EbA20Fc2308C778080,xcDOT,10
228,EUTH/WGLMR,1.39008192386954,0x8fd8A1C72960D65324290B29C65695c38eaD396a,1656926538,729381472120456320,1013900000000001179,0x10784a5D2fb19516299Fe350d55d44d61628bdf1,EUTH,18,0xAcc15dC74880C9944775448304B263D191c6077F,WGLMR,18
229,WBTC/USDC,156.9506172839506,0xdD520e63704601419A9981a70BF97bAAa9a62c7A,1663362906,81,12713,0x1DC78Acda13a8BC4408B207c9E48CDBc096D95e0,WBTC,8,0x8f552a71EFE5eeFc207Bf75485b356A0b3f01eC9,USDC,6
230,EUTH/WGLMR,24.115142424206358,0xed9e074667022C0d4f03b81f46d6D0b7341De772,1659742884,20391759582360396,491750186608795696,0x4e067dA39983d95e5D60f9d97742Efe953d6B1c8,EUTH,18,0xAcc15dC74880C9944775448304B263D191c6077F,WGLMR,18
231,EUTH/USDC,7.151189919340735e-11,0x318Cd2A00d71EC3750Fd48117051F0399680B5F5,1659742884,989402767903593743,70754071,0x4e067dA39983d95e5D60f9d97742Efe953d6B1c8,EUTH,18,0x8f552a71EFE5eeFc207Bf75485b356A0b3f01eC9,USDC,6
232,UNQ/WGLMR,0.001,0x069e9Cd3797174aAC5b7d259E65824ddF9C63f14,1657291716,100000000000000000000,100000000000000000,0x9864203A1D4f5C79E169b75F9Ac73947c6959973,UNQ,18,0xAcc15dC74880C9944775448304B263D191c6077F,WGLMR,18
233,SufuDoge/WGLMR,1266861270.3890033,0x6c87B4dEb749547BE0e6CBcAd8B90307544A26cb,1662302196,794447231326,1006454428734682749153,0x111D0aBbb1Cf0b9A6D3A9be43D5613F009f51a84,SufuDoge,3,0xAcc15dC74880C9944775448304B263D191c6077F,WGLMR,18
234,WGLMR/MAI,0.5197528938018234,0x91b11E7649614EaBe97D96d75bE11d1068059FF1,1663408368,106263194788130841860194,55230602995757842824419,0xAcc15dC74880C9944775448304B263D191c6077F,WGLMR,18,0xdFA46478F9e5EA86d57387849598dbFB2e964b02,MAI,18
235,WELL/USDC,1.219919620455065e-10,0xe7f21dC4C3EE6F43DFa085dCB7bE925364131e35,1658012526,8197261387,1,0x511aB53F793683763E5a8829738301368a2411E3,WELL,18,0x8f552a71EFE5eeFc207Bf75485b356A0b3f01eC9,USDC,6
236,LDO/xcDOT,2.952515442186445e-09,0x630F3fe305B561Af336f58C91339133e0a1BA38F,1661391342,157683637940681995,465563376,0x9Fda7cEeC4c18008096C2fE2B85F05dc300F94d0,LDO,18,0xFfFFfFff1FcaCBd218EDc0EbA20Fc2308C778080,xcDOT,10
237,WBTC/MAI,23730596918738.082,0xf2D92daA3b4577A9059DcD4b9834495c5e4A91BD,1663387998,338176,8025118343591169078,0x1DC78Acda13a8BC4408B207c9E48CDBc096D95e0,WBTC,8,0xdFA46478F9e5EA86d57387849598dbFB2e964b02,MAI,18
238,USDC/xcDOT,223.24041690950244,0xB8a9649eab319C95ab01C2dB59654729946D349F,1661219532,368905,82354506,0x8f552a71EFE5eeFc207Bf75485b356A0b3f01eC9,USDC,6,0xFfFFfFff1FcaCBd218EDc0EbA20Fc2308C778080,xcDOT,10
239,LDO/WGLMR,3.4642123374467912,0x00870B0e6994fFb142a91173a882d2F6a9a8Ac4a,1663408014,67511147025202526587793,233872948439890822894130,0x9Fda7cEeC4c18008096C2fE2B85F05dc300F94d0,LDO,18,0xAcc15dC74880C9944775448304B263D191c6077F,WGLMR,18
240,FRAX/WGLMR,1.921009504220617,0x015c6B2d98969e3bF066110769E53D734e48Ebf6,1663406352,59967874700930460381542,115198857248398505425887,0x322E86852e492a7Ee17f28a78c663da38FB33bfb,FRAX,18,0xAcc15dC74880C9944775448304B263D191c6077F,WGLMR,18
241,WBTC/WETH,129272514894.02483,0x7369C4B5D5f6143D7d3229ebf74a1D4531992535,1663393242,78567861,10156664981314172460,0x1DC78Acda13a8BC4408B207c9E48CDBc096D95e0,WBTC,8,0x30D2a9F5FDf90ACe8c17952cbb4eE48a55D916A7,WETH,18
242,MATIC/USDC,5.356180134621611e-12,0xFc811cB556c34dD5a944366605793D9a74D943d6,1663350186,4123719972976668653,22087387,0x3405A1bd46B85c5C029483FbECf2F3E611026e45,MATIC,18,0x8f552a71EFE5eeFc207Bf75485b356A0b3f01eC9,USDC,6
243,WGLMR/xcINTR,1.0173995574128328e-07,0xD3DFb90f7996a97f9f394E130342485e37DD28F7,1663408488,56919927182021706604992,5791030872295956,0xAcc15dC74880C9944775448304B263D191c6077F,WGLMR,18,0xFffFFFFF4C1cbCd97597339702436d4F18a375Ab,xcINTR,10
244,WBTC/BUSD,28937807302499.566,0x97a30d2D3C6447Dbb2d2F8642db628774DbE1Bd7,1660639686,2364,68408976463108975,0x1DC78Acda13a8BC4408B207c9E48CDBc096D95e0,WBTC,8,0xA649325Aa7C5093d12D6F98EB4378deAe68CE23F,BUSD,18
245,USDT/BAN,231883.0755711775,0x47eae110a9477Abb92BB39dA8AF271653957783C,1660187754,1707,395824410,0x8e70cD5B4Ff3f62659049e74b6649c6603A0E594,USDT,6,0xfeF2001fC6C6BF59117AF5803D31C51e15581CF0,BAN,18
246,LOVELY/WGLMR,9783843.610797537,0x08B6BACf71FD303923ba83AdA3Aff53fEe6E85F5,1659944189,101100000000,989146589051630980,0x05D6244554F689024aCC9D6f5963D338236bdCdd,LOVELY,8,0xAcc15dC74880C9944775448304B263D191c6077F,WGLMR,18
247,WBTC/xcDOT,49874.19086711134,0x7B9F591e1DCFD5a10FB78230F42AFaa362CBcb7d,1660175694,3898,194409596,0x1DC78Acda13a8BC4408B207c9E48CDBc096D95e0,WBTC,8,0xFfFFfFff1FcaCBd218EDc0EbA20Fc2308C778080,xcDOT,10
248,axlATOM/xcDOT,12419.117009750813,0x06E4E4334FaEAc6f27857A8c988aC62224162819,1660175064,923,11462845,0x27292cf0016E5dF1d8b37306B2A98588aCbD6fCA,axlATOM,6,0xFfFFfFff1FcaCBd218EDc0EbA20Fc2308C778080,xcDOT,10
249,WBTC/ETH,18218110740.762012,0x16E2C80c63167380905Da7bF5ec8AE537CAcD9d2,1660546230,6534,119037135580139,0x1DC78Acda13a8BC4408B207c9E48CDBc096D95e0,WBTC,8,0xfA9343C3897324496A05fC75abeD6bAC29f8A40f,ETH,18
250,WBTC/axlATOM,1.9215136650315348,0x68d818359F81EB1ED0A4A3D4c2A5EB60a1b84899,1661800134,7135,13710,0x1DC78Acda13a8BC4408B207c9E48CDBc096D95e0,WBTC,8,0x27292cf0016E5dF1d8b37306B2A98588aCbD6fCA,axlATOM,6
251,ETH/xcDOT,1.9127179865673534e-06,0xE79117B1F25796D4638E658555b919aFf6898128,1660175184,5157422092163,9864694,0xfA9343C3897324496A05fC75abeD6bAC29f8A40f,ETH,18,0xFfFFfFff1FcaCBd218EDc0EbA20Fc2308C778080,xcDOT,10
252,WGLMR/xcaUSD,6.767475162293247e-07,0xd95cab0Ed89269390f2aD121798e6092Ea395139,1663407162,451686188689104766143059,305677506310441721,0xAcc15dC74880C9944775448304B263D191c6077F,WGLMR,18,0xfFfFFFFF52C56A9257bB97f4B2b6F7B2D624ecda,xcaUSD,12
253,WGLMR/xcACA,2.550838567281037e-06,0xb83c50eA82c10AC598BA1ffc0c0296978c29c1e2,1663385436,35145891570475340648,89651495699446,0xAcc15dC74880C9944775448304B263D191c6077F,WGLMR,18,0xffffFFffa922Fef94566104a6e5A35a4fCDDAA9f,xcACA,12
254,FRAX/xcACA,7.271819608206222e-06,0x05cAE890AA5B30F19DcC38BA2EA525e9eb9ae995,1662834900,59793799774862234,434809725652,0x322E86852e492a7Ee17f28a78c663da38FB33bfb,FRAX,18,0xffffFFffa922Fef94566104a6e5A35a4fCDDAA9f,xcACA,12
255,WGLMR/xcIBTC,2.5037839871982243e-15,0x4C5f99045AF91D2b6d4fa0Ea89FC47cF42711555,1663403040,272039975685839818762192,681129335,0xAcc15dC74880C9944775448304B263D191c6077F,WGLMR,18,0xFFFFFfFf5AC1f9A51A93F5C527385edF7Fe98A52,xcIBTC,8
256,CRYSTL/WGLMR,0.01780861068191172,0x48F2D5f75Ce88a1acd262658d06ba8500D171e2c,1663404432,666343544679478040699170,11866652767601872756127,0x568e579A447ae1C6fEf3c7c0456C947Cb63aBC3e,CRYSTL,18,0xAcc15dC74880C9944775448304B263D191c6077F,WGLMR,18
257,WBTC/USDC,28.863682604272636,0x180BA718057A926eEFE59C084535815c81406C51,1660639506,983,28373,0x1DC78Acda13a8BC4408B207c9E48CDBc096D95e0,WBTC,8,0x818ec0A7Fe18Ff94269904fCED6AE3DaE6d6dC0b,USDC,6
258,POP/WGLMR,100.0,0x6d6495a74A474463671506cAFDD022D9Da209B48,1660524708,100,10000,0x5553b6c97ee9E34DD7604b2569e2603707906436,POP,18,0xAcc15dC74880C9944775448304B263D191c6077F,WGLMR,18
259,WBTC/xcaUSD,30817298.647208348,0x6e35C50fE451D653670826Accf76D030e618462C,1663387974,245482,7565092106514,0x1DC78Acda13a8BC4408B207c9E48CDBc096D95e0,WBTC,8,0xfFfFFFFF52C56A9257bB97f4B2b6F7B2D624ecda,xcaUSD,12
260,DAI/xcaUSD,1.3315759104653685e-06,0x592d96DCc0dB29Daf6b41df3A8b962fA5509cd92,1662739272,70443770620045,93801228,0x765277EebeCA2e31912C9946eAe1021199B39C61,DAI,18,0xfFfFFFFF52C56A9257bB97f4B2b6F7B2D624ecda,xcaUSD,12
261,WGLMR/ATH,3.0481472075415006,0x420aaA13722A191765D86bc55212A54D9f8b5ceb,1663402872,53359506334719093196873,162647630229967005238621,0xAcc15dC74880C9944775448304B263D191c6077F,WGLMR,18,0xCBABEe0658725b5B21e1512244734A5D5C6B51D6,ATH,18
262,STELLA/xcaUSD,1.815055631986392e-07,0xA89a4fd6704a3aE97C844aF6523e02797c70E666,1663249686,4361247719931786880,791590723655,0x0E358838ce72d5e61E0018a2ffaC4bEC5F4c88d2,STELLA,18,0xfFfFFFFF52C56A9257bB97f4B2b6F7B2D624ecda,xcaUSD,12
263,LEMON/USDT,1.2941914145075563e-14,0x91A9CFC1aF297C914D4E19eB559219c60730B3C1,1663401366,34480428860656342293220,446242750,0x8F4DbDF6FDdc1c4013b2932c814Fa5dd0003443A,LEMON,18,0xeFAeeE334F0Fd1712f9a8cc375f427D9Cdd40d73,USDT,6
264,LEMON/WGLMR,0.04631078626367433,0x6D85Fe907cE17824e48D26dB0A5D372E1d22641C,1661278596,62306720656842164,2885473223129480,0x8F4DbDF6FDdc1c4013b2932c814Fa5dd0003443A,LEMON,18,0xAcc15dC74880C9944775448304B263D191c6077F,WGLMR,18
265,STELLA LP/MAI,0.06914731476917428,0xa18bE628f061bFb9b37243f1279630d7115df6D2,1662904428,6057915683141647338,418888602587312899,0x48F2D5f75Ce88a1acd262658d06ba8500D171e2c,STELLA LP,18,0xdFA46478F9e5EA86d57387849598dbFB2e964b02,MAI,18
266,xcINTR/xcIBTC,1.5540382616652327e-07,0x6d04E82f45121CafA94B5d8Ec9D6C892D41E2C49,1662382992,6434848,1,0xFffFFFFF4C1cbCd97597339702436d4F18a375Ab,xcINTR,10,0xFFFFFfFf5AC1f9A51A93F5C527385edF7Fe98A52,xcIBTC,8
267,WGLMR/POOP,6.809440943919267,0x4EfB208eeEb5A8C85af70e8FBC43D6806b422bec,1663408404,1265139342055999286937227,8614891635559203949846078,0xAcc15dC74880C9944775448304B263D191c6077F,WGLMR,18,0xFFfffFFecB45aFD30a637967995394Cc88C0c194,POOP,18
268,STELLA LP/CRYSTL,6.445887629184001,0x2C58BA41065D981f62C177EEBcD7Da4D9BE3De59,1662904428,9537569828136909975,61478103367666286023,0x48F2D5f75Ce88a1acd262658d06ba8500D171e2c,STELLA LP,18,0x568e579A447ae1C6fEf3c7c0456C947Cb63aBC3e,CRYSTL,18
269,STELLA/CRYSTL,14.157894736842104,0xb0c318874DcC3761Bf1fF56883B8dDe7eBA91d92,1663362774,266,3766,0x0E358838ce72d5e61E0018a2ffaC4bEC5F4c88d2,STELLA,18,0x568e579A447ae1C6fEf3c7c0456C947Cb63aBC3e,CRYSTL,18
